Date,XLV,XLP,XLU,XLRE,QUAL,VIG,DGRO,SCHD,SPLV,USMV,VTV,VOO
2006-01-31,0.00000000,0.00000000,0.00000000,0.00000000,0.00000000,0.00000000,0.00000000,0.00000000,0.00000000,0.00000000,0.00000000,0.00000000
2006-02-28,0.00000000,0.00000000,0.00000000,0.00000000,0.00000000,0.00000000,0.00000000,0.00000000,0.00000000,0.00000000,0.00000000,0.00000000
2006-03-31,0.00000000,0.00000000,0.00000000,0.00000000,0.00000000,0.00000000,0.00000000,0.00000000,0.00000000,0.00000000,0.00000000,0.00000000
2006-04-30,0.00000000,0.00000000,0.00000000,0.00000000,0.00000000,0.00000000,0.00000000,0.00000000,0.00000000,0.00000000,0.00000000,0.00000000
2006-05-31,0.00000000,0.00000000,0.00000000,0.00000000,0.00000000,0.00000000,0.00000000,0.00000000,0.00000000,0.00000000,0.00000000,0.00000000
2006-06-30,0.00000000,0.00000000,0.00000000,0.00000000,0.00000000,0.00000000,0.00000000,0.00000000,0.00000000,0.00000000,0.00000000,0.00000000
2006-07-31,0.16726808,0.45306282,0.16601079,0.00000000,0.00000000,0.00000000,0.00000000,0.00000000,0.00000000,0.00000000,0.21365831,0.00000000
2006-08-31,0.19436653,0.34119171,0.19648414,0.00000000,0.00000000,0.00000000,0.00000000,0.00000000,0.00000000,0.00000000,0.26795761,0.00000000
2006-09-30,0.19214924,0.30718285,0.24405550,0.00000000,0.00000000,0.00000000,0.00000000,0.00000000,0.00000000,0.00000000,0.25661240,0.00000000
2006-10-31,0.21467003,0.31236671,0.22256767,0.00000000,0.00000000,0.00000000,0.00000000,0.00000000,0.00000000,0.00000000,0.25039559,0.00000000
2006-11-30,0.15645914,0.18030740,0.14922728,0.00000000,0.00000000,0.21580940,0.00000000,0.00000000,0.00000000,0.00000000,0.29819678,0.00000000
2006-12-31,0.14504717,0.15784175,0.13301149,0.00000000,0.00000000,0.21885426,0.00000000,0.00000000,0.00000000,0.00000000,0.34524534,0.00000000
2007-01-31,0.18287802,0.15727405,0.13464080,0.00000000,0.00000000,0.27780037,0.00000000,0.00000000,0.00000000,0.00000000,0.24740676,0.00000000
2007-02-28,0.20268778,0.21108937,0.15705141,0.00000000,0.00000000,0.21964179,0.00000000,0.00000000,0.00000000,0.00000000,0.20952965,0.00000000
2007-03-31,0.20161868,0.20230989,0.17128818,0.00000000,0.00000000,0.21878096,0.00000000,0.00000000,0.00000000,0.00000000,0.20600228,0.00000000
2007-04-30,0.15860633,0.21983973,0.19663149,0.00000000,0.00000000,0.20949795,0.00000000,0.00000000,0.00000000,0.00000000,0.21542450,0.00000000
2007-05-31,0.16056639,0.24376219,0.18629635,0.00000000,0.00000000,0.20521305,0.00000000,0.00000000,0.00000000,0.00000000,0.20416202,0.00000000
2007-06-30,0.16557864,0.24276087,0.16615262,0.00000000,0.00000000,0.21756847,0.00000000,0.00000000,0.00000000,0.00000000,0.20793939,0.00000000
2007-07-31,0.17026885,0.24530702,0.16873278,0.00000000,0.00000000,0.22388874,0.00000000,0.00000000,0.00000000,0.00000000,0.19180260,0.00000000
2007-08-31,0.16861657,0.23835245,0.17727341,0.00000000,0.00000000,0.22431865,0.00000000,0.00000000,0.00000000,0.00000000,0.19143892,0.00000000
2007-09-30,0.17306695,0.22268482,0.18372756,0.00000000,0.00000000,0.22663668,0.00000000,0.00000000,0.00000000,0.00000000,0.19388399,0.00000000
2007-10-31,0.19286357,0.21459123,0.16472136,0.00000000,0.00000000,0.23331662,0.00000000,0.00000000,0.00000000,0.00000000,0.19450723,0.00000000
2007-11-30,0.19607250,0.21177049,0.16617819,0.00000000,0.00000000,0.23535301,0.00000000,0.00000000,0.00000000,0.00000000,0.19062581,0.00000000
2007-12-31,0.19231627,0.21341466,0.17851400,0.00000000,0.00000000,0.23136895,0.00000000,0.00000000,0.00000000,0.00000000,0.18438612,0.00000000
2008-01-31,0.21498198,0.19750178,0.16917489,0.00000000,0.00000000,0.21540101,0.00000000,0.00000000,0.00000000,0.00000000,0.20294035,0.00000000
2008-02-29,0.21262051,0.19733487,0.16080091,0.00000000,0.00000000,0.22592635,0.00000000,0.00000000,0.00000000,0.00000000,0.20331736,0.00000000
2008-03-31,0.20295525,0.18769405,0.15172288,0.00000000,0.00000000,0.22396685,0.00000000,0.00000000,0.00000000,0.00000000,0.23366097,0.00000000
2008-04-30,0.22796419,0.20187834,0.16740591,0.00000000,0.00000000,0.21366371,0.00000000,0.00000000,0.00000000,0.00000000,0.18908786,0.00000000
2008-05-31,0.21983087,0.20045516,0.16178820,0.00000000,0.00000000,0.21647046,0.00000000,0.00000000,0.00000000,0.00000000,0.20145531,0.00000000
2008-06-30,0.24330964,0.20071595,0.18040099,0.00000000,0.00000000,0.19418102,0.00000000,0.00000000,0.00000000,0.00000000,0.18139240,0.00000000
2008-07-31,0.20902292,0.21921374,0.18595728,0.00000000,0.00000000,0.20324060,0.00000000,0.00000000,0.00000000,0.00000000,0.18256546,0.00000000
2008-08-31,0.20881455,0.21446874,0.19533822,0.00000000,0.00000000,0.19978457,0.00000000,0.00000000,0.00000000,0.00000000,0.18159392,0.00000000
2008-09-30,0.20234309,0.24305603,0.17070901,0.00000000,0.00000000,0.19910433,0.00000000,0.00000000,0.00000000,0.00000000,0.18478754,0.00000000
2008-10-31,0.20316899,0.20415021,0.19968357,0.00000000,0.00000000,0.20058207,0.00000000,0.00000000,0.00000000,0.00000000,0.19241515,0.00000000
2008-11-30,0.20343336,0.20738347,0.19244407,0.00000000,0.00000000,0.20190328,0.00000000,0.00000000,0.00000000,0.00000000,0.19483582,0.00000000
2008-12-31,0.18400866,0.21759766,0.20083084,0.00000000,0.00000000,0.20503483,0.00000000,0.00000000,0.00000000,0.00000000,0.19252801,0.00000000
2009-01-31,0.19227336,0.21509703,0.19547088,0.00000000,0.00000000,0.20734449,0.00000000,0.00000000,0.00000000,0.00000000,0.18981424,0.00000000
2009-02-28,0.18121389,0.22262825,0.18120273,0.00000000,0.00000000,0.21733580,0.00000000,0.00000000,0.00000000,0.00000000,0.19761932,0.00000000
2009-03-31,0.18958656,0.22702584,0.20592358,0.00000000,0.00000000,0.19910422,0.00000000,0.00000000,0.00000000,0.00000000,0.17835980,0.00000000
2009-04-30,0.19205420,0.23404557,0.22044075,0.00000000,0.00000000,0.19227790,0.00000000,0.00000000,0.00000000,0.00000000,0.16118158,0.00000000
2009-05-31,0.19431104,0.22368742,0.22810228,0.00000000,0.00000000,0.19171026,0.00000000,0.00000000,0.00000000,0.00000000,0.16218900,0.00000000
2009-06-30,0.20422823,0.22468127,0.21576065,0.00000000,0.00000000,0.19258190,0.00000000,0.00000000,0.00000000,0.00000000,0.16274795,0.00000000
2009-07-31,0.19333327,0.23242817,0.20547963,0.00000000,0.00000000,0.19914457,0.00000000,0.00000000,0.00000000,0.00000000,0.16961436,0.00000000
2009-08-31,0.19229296,0.20560865,0.25773264,0.00000000,0.00000000,0.19011997,0.00000000,0.00000000,0.00000000,0.00000000,0.15424578,0.00000000
2009-09-30,0.18969946,0.20703005,0.25171472,0.00000000,0.00000000,0.19822017,0.00000000,0.00000000,0.00000000,0.00000000,0.15333560,0.00000000
2009-10-31,0.19021117,0.22608383,0.20116940,0.00000000,0.00000000,0.21854138,0.00000000,0.00000000,0.00000000,0.00000000,0.16399422,0.00000000
2009-11-30,0.17405896,0.24232564,0.19831179,0.00000000,0.00000000,0.21518996,0.00000000,0.00000000,0.00000000,0.00000000,0.17011365,0.00000000
2009-12-31,0.17298083,0.23506374,0.19699148,0.00000000,0.00000000,0.21651596,0.00000000,0.00000000,0.00000000,0.00000000,0.17844799,0.00000000
2010-01-31,0.17420347,0.27452209,0.16747888,0.00000000,0.00000000,0.20698783,0.00000000,0.00000000,0.00000000,0.00000000,0.17680773,0.00000000
2010-02-28,0.17381237,0.26381717,0.16657719,0.00000000,0.00000000,0.20815701,0.00000000,0.00000000,0.00000000,0.00000000,0.18763625,0.00000000
2010-03-31,0.17978314,0.26638349,0.16931017,0.00000000,0.00000000,0.20553296,0.00000000,0.00000000,0.00000000,0.00000000,0.17899024,0.00000000
2010-04-30,0.16926010,0.24084782,0.17778681,0.00000000,0.00000000,0.21374723,0.00000000,0.00000000,0.00000000,0.00000000,0.19835804,0.00000000
2010-05-31,0.21144174,0.23266988,0.18609893,0.00000000,0.00000000,0.19135090,0.00000000,0.00000000,0.00000000,0.00000000,0.17843855,0.00000000
2010-06-30,0.21754024,0.22150767,0.21163777,0.00000000,0.00000000,0.18098469,0.00000000,0.00000000,0.00000000,0.00000000,0.16832963,0.00000000
2010-07-31,0.23567726,0.21138376,0.20131096,0.00000000,0.00000000,0.18106863,0.00000000,0.00000000,0.00000000,0.00000000,0.17055938,0.00000000
2010-08-31,0.23902031,0.21289232,0.20398065,0.00000000,0.00000000,0.17746700,0.00000000,0.00000000,0.00000000,0.00000000,0.16663972,0.00000000
2010-09-30,0.19680305,0.21938032,0.22616031,0.00000000,0.00000000,0.18031538,0.00000000,0.00000000,0.00000000,0.00000000,0.17734093,0.00000000
2010-10-31,0.20044655,0.21673274,0.22734972,0.00000000,0.00000000,0.17937831,0.00000000,0.00000000,0.00000000,0.00000000,0.17609268,0.00000000
2010-11-30,0.19961428,0.21245294,0.22813242,0.00000000,0.00000000,0.18243223,0.00000000,0.00000000,0.00000000,0.00000000,0.17736813,0.00000000
2010-12-31,0.19161155,0.21674436,0.22211806,0.00000000,0.00000000,0.19210779,0.00000000,0.00000000,0.00000000,0.00000000,0.17741824,0.00000000
2011-01-31,0.17618987,0.20034354,0.27072160,0.00000000,0.00000000,0.18324071,0.00000000,0.00000000,0.00000000,0.00000000,0.16950429,0.00000000
2011-02-28,0.16923588,0.19458486,0.24214493,0.00000000,0.00000000,0.20401006,0.00000000,0.00000000,0.00000000,0.00000000,0.19002427,0.00000000
2011-03-31,0.15924464,0.16139182,0.18391500,0.00000000,0.00000000,0.19546314,0.00000000,0.00000000,0.00000000,0.00000000,0.14341065,0.15657474
2011-04-30,0.14706733,0.15623516,0.17282974,0.00000000,0.00000000,0.20496073,0.00000000,0.00000000,0.00000000,0.00000000,0.15132104,0.16758598
2011-05-31,0.17326362,0.15878466,0.22585140,0.00000000,0.00000000,0.16251586,0.00000000,0.00000000,0.00000000,0.00000000,0.13459912,0.14498534
2011-06-30,0.15247435,0.14080606,0.21227672,0.00000000,0.00000000,0.17578996,0.00000000,0.00000000,0.00000000,0.00000000,0.15226649,0.16638643
2011-07-31,0.13935071,0.15609651,0.21204200,0.00000000,0.00000000,0.16134789,0.00000000,0.00000000,0.00000000,0.00000000,0.15525442,0.17590847
2011-08-31,0.13850896,0.16129636,0.21183841,0.00000000,0.00000000,0.16849188,0.00000000,0.00000000,0.00000000,0.00000000,0.15574592,0.16411848
2011-09-30,0.13977103,0.15952705,0.23175439,0.00000000,0.00000000,0.16000189,0.00000000,0.00000000,0.00000000,0.00000000,0.15352873,0.15541690
2011-10-31,0.15789719,0.18422022,0.27486302,0.00000000,0.00000000,0.13266913,0.00000000,0.00000000,0.00000000,0.00000000,0.12537101,0.12497943
2011-11-30,0.00000000,0.17684300,0.27213860,0.00000000,0.00000000,0.12822905,0.00000000,0.00000000,0.17840790,0.00000000,0.12234623,0.12203523
2011-12-31,0.14886180,0.17979684,0.25305540,0.00000000,0.00000000,0.12631445,0.00000000,0.00000000,0.17177920,0.00000000,0.00000000,0.12019231
2012-01-31,0.16238516,0.18770764,0.20192036,0.00000000,0.00000000,0.13318028,0.00000000,0.00000000,0.19164100,0.00000000,0.12316556,0.00000000
2012-02-29,0.16835851,0.17798257,0.20036453,0.00000000,0.00000000,0.13609621,0.00000000,0.00000000,0.19044163,0.00000000,0.00000000,0.12675655
2012-03-31,0.20357543,0.18990987,0.00000000,0.00000000,0.00000000,0.14899362,0.00000000,0.00000000,0.18402652,0.00000000,0.13919840,0.13429616
2012-04-30,0.14077320,0.00000000,0.00000000,0.00000000,0.00000000,0.17913231,0.00000000,0.19570096,0.16323537,0.19164623,0.12951193,0.00000000
2012-05-31,0.14795410,0.17181977,0.00000000,0.00000000,0.00000000,0.00000000,0.00000000,0.16425735,0.19466860,0.19480615,0.00000000,0.12649403
2012-06-30,0.14382781,0.17610412,0.00000000,0.00000000,0.00000000,0.00000000,0.00000000,0.15881096,0.19117615,0.20026601,0.00000000,0.12981495
2012-07-31,0.12810918,0.16946820,0.22037862,0.00000000,0.00000000,0.00000000,0.00000000,0.13754648,0.17392170,0.17057583,0.00000000,0.00000000
2012-08-31,0.13988046,0.18840107,0.15429741,0.00000000,0.00000000,0.00000000,0.00000000,0.15369172,0.17874276,0.18498659,0.00000000,0.00000000
2012-09-30,0.13897792,0.19362616,0.15040700,0.00000000,0.00000000,0.00000000,0.00000000,0.15213410,0.17985491,0.18499992,0.00000000,0.00000000
2012-10-31,0.14248542,0.18537251,0.15487466,0.00000000,0.00000000,0.00000000,0.00000000,0.15381708,0.18256062,0.18088971,0.00000000,0.00000000
2012-11-30,0.14779124,0.00000000,0.00000000,0.00000000,0.00000000,0.20877659,0.00000000,0.16701910,0.16575461,0.00000000,0.15596648,0.15469197
2012-12-31,0.16175257,0.14316519,0.00000000,0.00000000,0.00000000,0.18045044,0.00000000,0.19211722,0.00000000,0.00000000,0.16858348,0.15393110
2013-01-31,0.14583989,0.00000000,0.00000000,0.00000000,0.00000000,0.16983883,0.00000000,0.17446033,0.17884765,0.00000000,0.16168075,0.16933255
2013-02-28,0.14560045,0.00000000,0.00000000,0.00000000,0.00000000,0.16900164,0.00000000,0.17340378,0.18054404,0.00000000,0.16097791,0.17047219
2013-03-31,0.14410528,0.00000000,0.00000000,0.00000000,0.00000000,0.17483073,0.00000000,0.16820909,0.17137784,0.00000000,0.16620614,0.17527092
2013-04-30,0.00000000,0.14749570,0.00000000,0.00000000,0.00000000,0.17725994,0.00000000,0.16519934,0.00000000,0.15974364,0.15809395,0.19220743
2013-05-31,0.13600250,0.00000000,0.00000000,0.00000000,0.00000000,0.17153268,0.00000000,0.16851135,0.00000000,0.13701368,0.18317556,0.20376423
2013-06-30,0.14911280,0.15152428,0.00000000,0.00000000,0.00000000,0.16995048,0.00000000,0.17811536,0.00000000,0.00000000,0.16999051,0.18130657
2013-07-31,0.14907060,0.15530709,0.00000000,0.00000000,0.00000000,0.00000000,0.00000000,0.18469677,0.00000000,0.15732530,0.17848852,0.17511172
2013-08-31,0.15183803,0.15722886,0.00000000,0.00000000,0.00000000,0.17296837,0.00000000,0.17260511,0.00000000,0.00000000,0.16949103,0.17586861
2013-09-30,0.15381283,0.00000000,0.00000000,0.00000000,0.00000000,0.16173630,0.00000000,0.17430671,0.00000000,0.17547412,0.16670413,0.16796592
2013-10-31,0.15826463,0.00000000,0.00000000,0.00000000,0.00000000,0.16354382,0.00000000,0.17166046,0.00000000,0.17101606,0.16671233,0.16880270
2013-11-30,0.15380518,0.00000000,0.00000000,0.00000000,0.00000000,0.16226570,0.00000000,0.16962678,0.00000000,0.18336193,0.16434386,0.16659656
2013-12-31,0.15055902,0.00000000,0.00000000,0.00000000,0.00000000,0.16509052,0.00000000,0.16876990,0.00000000,0.17906096,0.16429657,0.17222304
2014-01-31,0.19058493,0.00000000,0.00000000,0.00000000,0.16922532,0.16191981,0.00000000,0.16756785,0.00000000,0.00000000,0.15414237,0.15655971
2014-02-28,0.18791382,0.00000000,0.18934746,0.00000000,0.14259829,0.00000000,0.00000000,0.00000000,0.17080856,0.00000000,0.15520705,0.15412482
2014-03-31,0.16421842,0.00000000,0.19342308,0.00000000,0.14440336,0.00000000,0.00000000,0.00000000,0.17762236,0.00000000,0.16077700,0.15955578
2014-04-30,0.15038953,0.00000000,0.17635118,0.00000000,0.00000000,0.00000000,0.00000000,0.00000000,0.18592933,0.17278719,0.15790451,0.15663827
2014-05-31,0.15436148,0.00000000,0.18630627,0.00000000,0.00000000,0.00000000,0.00000000,0.00000000,0.17999192,0.16767008,0.15738444,0.15428581
2014-06-30,0.15505112,0.00000000,0.18488322,0.00000000,0.00000000,0.00000000,0.00000000,0.00000000,0.17833354,0.16786710,0.15791287,0.15595215
2014-07-31,0.00000000,0.13664098,0.00000000,0.00000000,0.00000000,0.00000000,0.00000000,0.17770900,0.15323224,0.19002190,0.18018322,0.16221267
2014-08-31,0.14239434,0.00000000,0.00000000,0.00000000,0.15390143,0.00000000,0.00000000,0.17393835,0.00000000,0.18815966,0.17927480,0.16233141
2014-09-30,0.16199771,0.00000000,0.00000000,0.00000000,0.15832964,0.00000000,0.00000000,0.17670367,0.00000000,0.18181205,0.17054206,0.15061488
2014-10-31,0.15964888,0.00000000,0.00000000,0.00000000,0.16178873,0.00000000,0.00000000,0.18163562,0.00000000,0.16880784,0.17191219,0.15620674
2014-11-30,0.16256457,0.00000000,0.00000000,0.00000000,0.16654181,0.00000000,0.00000000,0.17476725,0.00000000,0.16610690,0.17269087,0.15732860
2014-12-31,0.15590012,0.13002866,0.00000000,0.00000000,0.17896863,0.00000000,0.00000000,0.18501371,0.00000000,0.18141873,0.00000000,0.16867014
2015-01-31,0.16638958,0.15831957,0.14466155,0.00000000,0.17650808,0.00000000,0.00000000,0.00000000,0.17799862,0.17612260,0.00000000,0.00000000
2015-02-28,0.17457590,0.16480722,0.12245392,0.00000000,0.16116593,0.00000000,0.00000000,0.00000000,0.19349432,0.18350272,0.00000000,0.00000000
2015-03-31,0.17252670,0.14959467,0.00000000,0.00000000,0.15441266,0.00000000,0.14709796,0.00000000,0.19597341,0.18039460,0.00000000,0.00000000
2015-04-30,0.17221123,0.14449565,0.00000000,0.00000000,0.14973667,0.00000000,0.14375714,0.00000000,0.20673422,0.18306509,0.00000000,0.00000000
2015-05-31,0.17914800,0.00000000,0.00000000,0.00000000,0.15170185,0.00000000,0.14112771,0.00000000,0.00000000,0.23527085,0.14678896,0.14596263
2015-06-30,0.18755733,0.17474058,0.00000000,0.00000000,0.14716848,0.00000000,0.00000000,0.00000000,0.00000000,0.20715736,0.14051314,0.14286310
2015-07-31,0.19885498,0.00000000,0.00000000,0.00000000,0.15969941,0.14208742,0.15831656,0.00000000,0.00000000,0.00000000,0.17587019,0.16517145
2015-08-31,0.14256576,0.15225608,0.00000000,0.00000000,0.17909308,0.00000000,0.00000000,0.00000000,0.17164723,0.18010788,0.00000000,0.17432996
2015-09-30,0.13944989,0.15899316,0.14757358,0.00000000,0.18730911,0.00000000,0.00000000,0.00000000,0.17879041,0.18788386,0.00000000,0.00000000
2015-10-31,0.14182678,0.16833763,0.17144238,0.00000000,0.16124742,0.00000000,0.00000000,0.00000000,0.17392254,0.18322325,0.00000000,0.00000000
2015-11-30,0.00000000,0.16452617,0.16665141,0.00000000,0.15908239,0.00000000,0.00000000,0.15857719,0.17113080,0.18003203,0.00000000,0.00000000
2015-12-31,0.00000000,0.15933725,0.18546352,0.00000000,0.15292725,0.00000000,0.00000000,0.15668727,0.16729330,0.17829141,0.00000000,0.00000000
2016-01-31,0.00000000,0.16702835,0.19062455,0.00000000,0.14443943,0.00000000,0.00000000,0.14980418,0.16698519,0.18111830,0.00000000,0.00000000
2016-02-29,0.00000000,0.18457270,0.18856731,0.00000000,0.00000000,0.15280420,0.00000000,0.13850431,0.16114512,0.17440636,0.00000000,0.00000000
2016-03-31,0.00000000,0.19498252,0.16526813,0.00000000,0.00000000,0.15709419,0.00000000,0.14425122,0.16487762,0.17352632,0.00000000,0.00000000
2016-04-30,0.00000000,0.18777213,0.13783561,0.00000000,0.00000000,0.16325548,0.00000000,0.16206141,0.17190269,0.17717267,0.00000000,0.00000000
2016-05-31,0.00000000,0.19312283,0.14544381,0.00000000,0.00000000,0.16002133,0.00000000,0.15848038,0.16742980,0.17550185,0.00000000,0.00000000
2016-06-30,0.00000000,0.00000000,0.14321163,0.00000000,0.00000000,0.17317522,0.17631033,0.17058431,0.16105166,0.17566685,0.00000000,0.00000000
2016-07-31,0.18745855,0.00000000,0.00000000,0.00000000,0.00000000,0.16245242,0.18875887,0.16047681,0.14211417,0.15873917,0.00000000,0.00000000
2016-08-31,0.15331279,0.00000000,0.00000000,0.00000000,0.00000000,0.17072852,0.19405619,0.16696651,0.00000000,0.00000000,0.17021483,0.14472116
2016-09-30,0.00000000,0.00000000,0.00000000,0.00000000,0.16887759,0.16602623,0.16950198,0.16069862,0.00000000,0.00000000,0.18802020,0.14687538
2016-10-31,0.00000000,0.00000000,0.00000000,0.00000000,0.16555088,0.16673486,0.17198999,0.16391277,0.00000000,0.00000000,0.18677964,0.14503187
2016-11-30,0.00000000,0.00000000,0.00000000,0.00000000,0.17755933,0.18046850,0.16191701,0.17990383,0.00000000,0.00000000,0.14613700,0.15401434
2016-12-31,0.00000000,0.00000000,0.00000000,0.00000000,0.17308172,0.18680376,0.15983119,0.18406812,0.00000000,0.00000000,0.14331883,0.15289639
2017-01-31,0.00000000,0.00000000,0.00000000,0.00000000,0.17654434,0.18260018,0.15954783,0.18229438,0.00000000,0.00000000,0.14090853,0.15810474
2017-02-28,0.00000000,0.00000000,0.00000000,0.00000000,0.16619109,0.17281045,0.16025092,0.18655070,0.00000000,0.00000000,0.15145554,0.16274130
2017-03-31,0.00000000,0.00000000,0.00000000,0.00000000,0.16499826,0.17781943,0.16398005,0.18440983,0.00000000,0.00000000,0.14702069,0.16177173
2017-04-30,0.00000000,0.00000000,0.00000000,0.00000000,0.16241060,0.17616719,0.14738817,0.16363778,0.00000000,0.17133315,0.00000000,0.17906311
2017-05-31,0.00000000,0.15201872,0.00000000,0.00000000,0.00000000,0.17212186,0.15892526,0.00000000,0.16087586,0.16852743,0.00000000,0.18753087
2017-06-30,0.00000000,0.00000000,0.00000000,0.00000000,0.16134814,0.16991631,0.16411558,0.00000000,0.15627089,0.15938907,0.00000000,0.18896001
2017-07-31,0.13175467,0.00000000,0.00000000,0.00000000,0.00000000,0.17417352,0.17042697,0.00000000,0.16358795,0.16496228,0.00000000,0.19509461
2017-08-31,0.00000000,0.00000000,0.00000000,0.00000000,0.20587755,0.15096835,0.20342706,0.00000000,0.13338472,0.14010701,0.00000000,0.16623531
2017-09-30,0.12856347,0.00000000,0.00000000,0.00000000,0.17427789,0.00000000,0.18709973,0.00000000,0.15716991,0.16317328,0.00000000,0.18971572
2017-10-31,0.12369684,0.00000000,0.00000000,0.00000000,0.16319807,0.00000000,0.19261467,0.00000000,0.16446295,0.16852247,0.00000000,0.18750499
2017-11-30,0.13972334,0.00000000,0.00000000,0.00000000,0.17188968,0.00000000,0.18198867,0.15219413,0.00000000,0.00000000,0.16496822,0.18923596
2017-12-31,0.00000000,0.00000000,0.00000000,0.00000000,0.16559845,0.00000000,0.15721174,0.14752641,0.00000000,0.17844355,0.15536404,0.19585581
2018-01-31,0.00000000,0.00000000,0.00000000,0.00000000,0.18302355,0.15653373,0.17510475,0.17546432,0.00000000,0.00000000,0.15978023,0.15009342
2018-02-28,0.00000000,0.00000000,0.00000000,0.00000000,0.19724386,0.16465074,0.17313196,0.14304323,0.00000000,0.00000000,0.15908788,0.16284233
2018-03-31,0.00000000,0.00000000,0.00000000,0.00000000,0.19906281,0.17602727,0.15796823,0.14468510,0.00000000,0.00000000,0.16089246,0.16136413
2018-04-30,0.00000000,0.00000000,0.00000000,0.00000000,0.18603216,0.16403726,0.14908087,0.00000000,0.00000000,0.19454257,0.15195584,0.15435130
2018-05-31,0.12432127,0.00000000,0.00000000,0.00000000,0.19807761,0.18247283,0.16606738,0.00000000,0.00000000,0.00000000,0.16794376,0.16111715
2018-06-30,0.11912242,0.00000000,0.00000000,0.00000000,0.19117646,0.17330845,0.15945368,0.00000000,0.00000000,0.20119182,0.00000000,0.15574716
2018-07-31,0.00000000,0.00000000,0.16608592,0.13565635,0.17746436,0.00000000,0.00000000,0.00000000,0.17455553,0.17810437,0.00000000,0.16813346
2018-08-31,0.12179354,0.00000000,0.17618381,0.16513007,0.00000000,0.00000000,0.00000000,0.00000000,0.19857995,0.19102131,0.00000000,0.14729132
2018-09-30,0.11552053,0.00000000,0.00000000,0.00000000,0.00000000,0.15835251,0.14568076,0.00000000,0.00000000,0.22995409,0.16332986,0.18716225
2018-10-31,0.13084149,0.19546074,0.00000000,0.00000000,0.00000000,0.14435146,0.00000000,0.15029267,0.20156152,0.17749211,0.00000000,0.00000000
2018-11-30,0.11192574,0.21200325,0.23143563,0.13991894,0.00000000,0.00000000,0.00000000,0.00000000,0.15363320,0.15108324,0.00000000,0.00000000
2018-12-31,0.12633312,0.16104694,0.23122084,0.00000000,0.00000000,0.00000000,0.14702052,0.00000000,0.16743438,0.16694420,0.00000000,0.00000000
2019-01-31,0.13414608,0.16523467,0.23166382,0.14041540,0.00000000,0.00000000,0.00000000,0.00000000,0.16235761,0.16618241,0.00000000,0.00000000
2019-02-28,0.13854111,0.16762911,0.22161641,0.14313955,0.00000000,0.00000000,0.00000000,0.00000000,0.16168591,0.16738791,0.00000000,0.00000000
2019-03-31,0.00000000,0.16126886,0.22439383,0.14232481,0.00000000,0.00000000,0.14952572,0.00000000,0.15938473,0.16310205,0.00000000,0.00000000
2019-04-30,0.00000000,0.00000000,0.21623425,0.14049707,0.00000000,0.15022175,0.00000000,0.15744380,0.16376375,0.17183938,0.00000000,0.00000000
2019-05-31,0.00000000,0.00000000,0.22493767,0.14770444,0.13983043,0.00000000,0.00000000,0.00000000,0.17077987,0.17534488,0.00000000,0.14140270
2019-06-30,0.00000000,0.15294863,0.22073778,0.13588194,0.00000000,0.13417897,0.00000000,0.00000000,0.17989224,0.17636045,0.00000000,0.00000000
2019-07-31,0.00000000,0.14124793,0.18216114,0.19326508,0.00000000,0.12515349,0.00000000,0.00000000,0.19085156,0.16732079,0.00000000,0.00000000
2019-08-31,0.00000000,0.14232654,0.16983282,0.17342161,0.00000000,0.12804911,0.00000000,0.00000000,0.21180182,0.17456808,0.00000000,0.00000000
2019-09-30,0.00000000,0.14273205,0.15842960,0.19375972,0.00000000,0.12612251,0.00000000,0.00000000,0.20734756,0.17160856,0.00000000,0.00000000
2019-10-31,0.00000000,0.14357584,0.15277549,0.20733613,0.00000000,0.12987770,0.00000000,0.00000000,0.19626762,0.17016722,0.00000000,0.00000000
2019-11-30,0.00000000,0.17936636,0.00000000,0.00000000,0.00000000,0.15466281,0.14219962,0.13873761,0.19961097,0.18542263,0.00000000,0.00000000
2019-12-31,0.00000000,0.17288725,0.00000000,0.00000000,0.00000000,0.18042685,0.13235051,0.13197804,0.16522052,0.21713682,0.00000000,0.00000000
2020-01-31,0.00000000,0.18080517,0.00000000,0.00000000,0.00000000,0.19538817,0.12383727,0.00000000,0.15907382,0.21038729,0.00000000,0.13050828
2020-02-29,0.16935932,0.00000000,0.14838972,0.00000000,0.17209104,0.00000000,0.16714672,0.16545242,0.00000000,0.00000000,0.00000000,0.17756078
2020-03-31,0.18736042,0.00000000,0.15671109,0.00000000,0.16066574,0.18005543,0.15695114,0.00000000,0.00000000,0.00000000,0.00000000,0.15825618
2020-04-30,0.16951021,0.19827343,0.16835013,0.00000000,0.15040219,0.16594286,0.00000000,0.00000000,0.00000000,0.00000000,0.00000000,0.14752120
2020-05-31,0.17387272,0.20054936,0.00000000,0.00000000,0.15086500,0.16659055,0.00000000,0.00000000,0.00000000,0.15985116,0.00000000,0.14827121
2020-06-30,0.17950530,0.00000000,0.17202090,0.00000000,0.15637196,0.17323668,0.00000000,0.00000000,0.00000000,0.16565807,0.00000000,0.15320709
2020-07-31,0.19589568,0.00000000,0.00000000,0.00000000,0.15391984,0.18594397,0.16076719,0.15505677,0.00000000,0.00000000,0.00000000,0.14841655
2020-08-31,0.18080032,0.20670912,0.00000000,0.00000000,0.15026883,0.16691851,0.00000000,0.14923872,0.00000000,0.00000000,0.00000000,0.14606450
2020-09-30,0.00000000,0.19367069,0.00000000,0.00000000,0.15350110,0.18267306,0.16396263,0.15470398,0.00000000,0.00000000,0.00000000,0.15148854
2020-10-31,0.00000000,0.16524277,0.00000000,0.00000000,0.15134715,0.17410266,0.17920623,0.18066800,0.00000000,0.00000000,0.00000000,0.14943320
2020-11-30,0.00000000,0.17471862,0.17204267,0.00000000,0.00000000,0.16808789,0.00000000,0.15247201,0.18087241,0.00000000,0.00000000,0.15180639
2020-12-31,0.00000000,0.17502841,0.19473505,0.00000000,0.15154761,0.16906139,0.15448784,0.15513970,0.00000000,0.00000000,0.00000000,0.00000000
2021-01-31,0.00000000,0.00000000,0.00000000,0.00000000,0.15794935,0.19145198,0.16650338,0.16334239,0.00000000,0.00000000,0.16105702,0.15969589
2021-02-28,0.17851392,0.00000000,0.20293364,0.00000000,0.00000000,0.00000000,0.15514844,0.15259463,0.00000000,0.00000000,0.15285044,0.15795893
2021-03-31,0.00000000,0.00000000,0.00000000,0.21118610,0.15884416,0.00000000,0.15752459,0.15312765,0.00000000,0.00000000,0.15258985,0.16672765
2021-04-30,0.00000000,0.00000000,0.00000000,0.20833506,0.15939261,0.00000000,0.15853363,0.14674526,0.00000000,0.00000000,0.15520156,0.17179188
2021-05-31,0.00000000,0.00000000,0.00000000,0.16576258,0.16187333,0.00000000,0.16765089,0.15044461,0.00000000,0.00000000,0.17388049,0.18038809
2021-06-30,0.20868714,0.00000000,0.00000000,0.16657783,0.00000000,0.00000000,0.15728038,0.13730430,0.00000000,0.00000000,0.14961996,0.18053038
2021-07-31,0.00000000,0.00000000,0.00000000,0.14962646,0.20835813,0.17539391,0.14905211,0.00000000,0.00000000,0.00000000,0.13375272,0.18381668
2021-08-31,0.20587931,0.00000000,0.00000000,0.13053349,0.18467016,0.14626541,0.00000000,0.00000000,0.00000000,0.16385112,0.00000000,0.16880051
2021-09-30,0.16377093,0.00000000,0.00000000,0.14084458,0.15458371,0.00000000,0.19008051,0.00000000,0.00000000,0.17747625,0.00000000,0.17324403
2021-10-31,0.16848248,0.00000000,0.00000000,0.15118769,0.15082939,0.00000000,0.18160195,0.00000000,0.00000000,0.17774592,0.00000000,0.17015257
2021-11-30,0.16466090,0.00000000,0.00000000,0.15510625,0.15566899,0.17123359,0.00000000,0.00000000,0.00000000,0.17812689,0.00000000,0.17520339
2021-12-31,0.00000000,0.00000000,0.15321671,0.14722623,0.16653301,0.17055976,0.17940663,0.00000000,0.00000000,0.00000000,0.00000000,0.18305766
2022-01-31,0.00000000,0.16919169,0.15647386,0.13719965,0.00000000,0.00000000,0.17903137,0.18620158,0.00000000,0.00000000,0.00000000,0.17190185
2022-02-28,0.00000000,0.16293435,0.15379468,0.00000000,0.00000000,0.00000000,0.17173610,0.17941666,0.15374589,0.00000000,0.17837232,0.00000000
2022-03-31,0.00000000,0.16741639,0.14345482,0.00000000,0.00000000,0.00000000,0.17546107,0.17949159,0.15184498,0.00000000,0.18233116,0.00000000
2022-04-30,0.14893981,0.17831209,0.14359761,0.00000000,0.00000000,0.00000000,0.00000000,0.18474528,0.15903106,0.00000000,0.18537414,0.00000000
2022-05-31,0.15145959,0.16853346,0.14555052,0.00000000,0.00000000,0.00000000,0.00000000,0.18183864,0.16050414,0.00000000,0.19211365,0.00000000
2022-06-30,0.15348686,0.22670186,0.13190324,0.00000000,0.00000000,0.00000000,0.00000000,0.15496193,0.17347900,0.00000000,0.15946710,0.00000000
2022-07-31,0.17392035,0.21012650,0.13518633,0.00000000,0.00000000,0.00000000,0.00000000,0.15177419,0.17353633,0.15545630,0.00000000,0.00000000
2022-08-31,0.16353360,0.21838598,0.14264346,0.13080467,0.00000000,0.00000000,0.00000000,0.00000000,0.18283597,0.16179630,0.00000000,0.00000000
2022-09-30,0.00000000,0.18673740,0.14589985,0.00000000,0.00000000,0.00000000,0.15736402,0.16206521,0.18756449,0.00000000,0.16036903,0.00000000
2022-10-31,0.19179791,0.00000000,0.17468619,0.00000000,0.00000000,0.16113789,0.15936090,0.15786262,0.00000000,0.00000000,0.15515449,0.00000000
2022-11-30,0.18651294,0.17588788,0.00000000,0.00000000,0.00000000,0.15492114,0.15354095,0.00000000,0.00000000,0.17742075,0.15171633,0.00000000
2022-12-31,0.18621103,0.00000000,0.00000000,0.00000000,0.00000000,0.15805955,0.15775374,0.16210343,0.00000000,0.17646926,0.15940298,0.00000000
2023-01-31,0.18372361,0.17244591,0.00000000,0.00000000,0.00000000,0.16178516,0.16051470,0.16164603,0.00000000,0.00000000,0.15988459,0.00000000
2023-02-28,0.19206046,0.00000000,0.00000000,0.00000000,0.15324449,0.16552574,0.16426307,0.16330311,0.00000000,0.00000000,0.16160312,0.00000000
2023-03-31,0.00000000,0.00000000,0.00000000,0.00000000,0.16140294,0.17318756,0.17042431,0.16209715,0.00000000,0.00000000,0.16281043,0.17007761
2023-04-30,0.00000000,0.17621379,0.00000000,0.00000000,0.14332817,0.17407550,0.17485301,0.00000000,0.00000000,0.17692130,0.00000000,0.15460823
2023-05-31,0.00000000,0.15628573,0.00000000,0.00000000,0.14273938,0.18554181,0.00000000,0.00000000,0.18617738,0.17943450,0.00000000,0.14982120
2023-06-30,0.00000000,0.00000000,0.00000000,0.12041727,0.14758946,0.18393376,0.18925931,0.00000000,0.00000000,0.19144477,0.00000000,0.16735543
2023-07-31,0.00000000,0.15079517,0.00000000,0.00000000,0.17166281,0.16429098,0.16507299,0.00000000,0.00000000,0.16977590,0.00000000,0.17840215
2023-08-31,0.16362269,0.00000000,0.00000000,0.00000000,0.18084177,0.15578147,0.15364674,0.00000000,0.00000000,0.17391047,0.00000000,0.17219686
2023-09-30,0.00000000,0.00000000,0.00000000,0.00000000,0.16285912,0.15979475,0.16131847,0.00000000,0.00000000,0.19539997,0.15752897,0.16309871
2023-10-31,0.00000000,0.00000000,0.00000000,0.00000000,0.16823469,0.16999405,0.16895856,0.16115357,0.00000000,0.00000000,0.16415570,0.16750343
2023-11-30,0.00000000,0.00000000,0.00000000,0.00000000,0.15581131,0.16331368,0.00000000,0.16393104,0.00000000,0.19864206,0.16679934,0.15150256
2023-12-31,0.00000000,0.00000000,0.00000000,0.00000000,0.15518093,0.16668685,0.16093503,0.00000000,0.00000000,0.20047045,0.16550589,0.15122084
2024-01-31,0.00000000,0.00000000,0.00000000,0.12429434,0.16222416,0.17373138,0.00000000,0.00000000,0.00000000,0.20711617,0.17499170,0.15764225
2024-02-29,0.17638829,0.00000000,0.00000000,0.00000000,0.14711338,0.16515092,0.00000000,0.00000000,0.00000000,0.19617564,0.16782644,0.14734535
2024-03-31,0.00000000,0.19957154,0.00000000,0.00000000,0.13939576,0.15302242,0.00000000,0.00000000,0.19655033,0.17687708,0.00000000,0.13458287
2024-04-30,0.00000000,0.24897172,0.00000000,0.00000000,0.14105161,0.15445099,0.15809140,0.00000000,0.00000000,0.00000000,0.15379689,0.14363740
2024-05-31,0.00000000,0.24577577,0.00000000,0.00000000,0.13818357,0.15921519,0.15976090,0.00000000,0.00000000,0.00000000,0.14973713,0.14732744
2024-06-30,0.00000000,0.24398589,0.12111082,0.00000000,0.14396029,0.00000000,0.17595321,0.00000000,0.00000000,0.00000000,0.16085244,0.15413735
2024-07-31,0.00000000,0.24556977,0.12373110,0.00000000,0.14312276,0.00000000,0.00000000,0.00000000,0.00000000,0.17780565,0.15521545,0.15455527
2024-08-31,0.00000000,0.00000000,0.13089672,0.00000000,0.00000000,0.17768672,0.17661605,0.00000000,0.00000000,0.17676614,0.16545138,0.17258300
2024-09-30,0.00000000,0.19353907,0.12708953,0.00000000,0.00000000,0.17257090,0.00000000,0.00000000,0.16871994,0.16967513,0.00000000,0.16840542
2024-10-31,0.00000000,0.00000000,0.00000000,0.09909250,0.14945598,0.19113635,0.19688610,0.00000000,0.00000000,0.18455133,0.00000000,0.17887773
2024-11-30,0.00000000,0.00000000,0.00000000,0.13931161,0.00000000,0.00000000,0.17865785,0.17181500,0.15870458,0.16870841,0.00000000,0.18280255
2024-12-31,0.00000000,0.00000000,0.13636680,0.00000000,0.00000000,0.17698341,0.17163608,0.15592927,0.15330838,0.00000000,0.00000000,0.20577605
2025-01-31,0.00000000,0.00000000,0.14240824,0.00000000,0.16448346,0.17807803,0.17615670,0.00000000,0.15695088,0.00000000,0.00000000,0.18192269
2025-02-28,0.00000000,0.00000000,0.13863405,0.00000000,0.18130521,0.17415410,0.17075284,0.00000000,0.00000000,0.00000000,0.15116192,0.18399188
2025-03-31,0.00000000,0.00000000,0.00000000,0.00000000,0.00000000,0.17143226,0.17335195,0.00000000,0.16084173,0.16916475,0.15751593,0.16769337
2025-04-30,0.00000000,0.17942340,0.00000000,0.00000000,0.00000000,0.17205456,0.16929929,0.00000000,0.15711820,0.16944783,0.15265672,0.00000000
2025-05-31,0.14621834,0.18675211,0.15919098,0.15441886,0.00000000,0.00000000,0.00000000,0.00000000,0.16947888,0.18394083,0.00000000,0.00000000
2025-06-30,0.00000000,0.15649827,0.20551385,0.15987630,0.00000000,0.00000000,0.13695504,0.00000000,0.15779559,0.18336095,0.00000000,0.00000000
2025-07-31,0.00000000,0.16029978,0.18430560,0.00000000,0.00000000,0.14694782,0.00000000,0.00000000,0.17022211,0.21705795,0.00000000,0.12116674
2025-08-31,0.00000000,0.00000000,0.19599512,0.00000000,0.15351549,0.17043454,0.17042912,0.00000000,0.00000000,0.00000000,0.16810191,0.14152382
2025-09-30,0.00000000,0.00000000,0.15544617,0.00000000,0.18493088,0.18255531,0.16556470,0.00000000,0.00000000,0.00000000,0.15079983,0.16070312
2025-10-31,0.00000000,0.00000000,0.13306723,0.00000000,0.17726020,0.18483690,0.18082603,0.00000000,0.00000000,0.00000000,0.16207123,0.16193841
2025-11-30,0.00000000,0.00000000,0.13094965,0.00000000,0.18803020,0.18767316,0.17688825,0.00000000,0.00000000,0.00000000,0.15674859,0.15971015
2025-12-31,0.10063216,0.00000000,0.00000000,0.00000000,0.20516975,0.17358538,0.17080069,0.00000000,0.00000000,0.00000000,0.16872615,0.18108587
2026-01-31,0.10706954,0.00000000,0.00000000,0.00000000,0.21514872,0.17684483,0.16249784,0.00000000,0.00000000,0.00000000,0.15397454,0.18446453
2026-02-28,0.10833194,0.00000000,0.00000000,0.00000000,0.22883979,0.18024834,0.16869240,0.00000000,0.00000000,0.00000000,0.15143334,0.16245419
2026-03-31,0.13411334,0.12840073,0.00000000,0.00000000,0.00000000,0.20462268,0.19822688,0.15250484,0.00000000,0.00000000,0.18213153,0.00000000
2026-04-30,0.00000000,0.13315757,0.14389177,0.00000000,0.00000000,0.00000000,0.20415251,0.16141142,0.16848146,0.00000000,0.18890527,0.00000000
