Date,SPLV,USMV,XLU,XLP,XLRE,TLT,IEF,SHY,GLD,DBC,VTI,XLK,VXUS
2006-01-31,0.00000000,0.00000000,0.00000000,0.00000000,0.00000000,0.00000000,0.00000000,0.00000000,0.00000000,0.00000000,0.00000000,0.00000000,0.00000000
2006-02-28,0.00000000,0.00000000,0.00000000,0.00000000,0.00000000,0.00000000,0.00000000,0.00000000,0.00000000,0.00000000,0.00000000,0.00000000,0.00000000
2006-03-31,0.00000000,0.00000000,0.00000000,0.00000000,0.00000000,0.00000000,0.00000000,0.00000000,0.00000000,0.00000000,0.00000000,0.00000000,0.00000000
2006-04-30,0.00000000,0.00000000,0.00000000,0.00000000,0.00000000,0.00000000,0.00000000,0.00000000,0.00000000,0.00000000,0.00000000,0.00000000,0.00000000
2006-05-31,0.00000000,0.00000000,0.00000000,0.00000000,0.00000000,0.00000000,0.00000000,0.00000000,0.00000000,0.00000000,0.00000000,0.00000000,0.00000000
2006-06-30,0.00000000,0.00000000,0.00000000,0.00000000,0.00000000,0.00000000,0.00000000,0.00000000,0.00000000,0.00000000,0.00000000,0.00000000,0.00000000
2006-07-31,0.00000000,0.00000000,0.07675136,0.19308427,0.00000000,0.00000000,0.13240845,0.43627112,0.06429930,0.00000000,0.09718551,0.00000000,0.00000000
2006-08-31,0.00000000,0.00000000,0.08783300,0.14457857,0.00000000,0.00000000,0.00000000,0.50347756,0.07056225,0.08348490,0.11006372,0.00000000,0.00000000
2006-09-30,0.00000000,0.00000000,0.10008406,0.12203414,0.00000000,0.09871518,0.15214692,0.46085886,0.06616085,0.00000000,0.00000000,0.00000000,0.00000000
2006-10-31,0.00000000,0.00000000,0.08573100,0.11191119,0.00000000,0.12669708,0.16153401,0.42822391,0.00000000,0.00000000,0.08590281,0.00000000,0.00000000
2006-11-30,0.00000000,0.00000000,0.07926469,0.09240435,0.00000000,0.13741985,0.16349092,0.42837639,0.00000000,0.00000000,0.09904380,0.00000000,0.00000000
2006-12-31,0.00000000,0.00000000,0.08955940,0.00000000,0.00000000,0.09803931,0.13732319,0.46636961,0.00000000,0.00000000,0.13010305,0.07860544,0.00000000
2007-01-31,0.00000000,0.00000000,0.09359283,0.10302068,0.00000000,0.00000000,0.11876399,0.29779730,0.00000000,0.00000000,0.14380655,0.24301864,0.00000000
2007-02-28,0.00000000,0.00000000,0.09230482,0.10736277,0.00000000,0.00000000,0.12098192,0.32973539,0.00000000,0.00000000,0.10594780,0.24366729,0.00000000
2007-03-31,0.00000000,0.00000000,0.09895199,0.10850662,0.00000000,0.00000000,0.00000000,0.34449274,0.09165099,0.00000000,0.10858784,0.24780982,0.00000000
2007-04-30,0.00000000,0.00000000,0.10099625,0.10699779,0.00000000,0.00000000,0.00000000,0.35328276,0.09247324,0.08895076,0.10729921,0.15000000,0.00000000
2007-05-31,0.00000000,0.00000000,0.10087859,0.11712046,0.00000000,0.00000000,0.00000000,0.32747729,0.10268438,0.00000000,0.10654976,0.24528951,0.00000000
2007-06-30,0.00000000,0.00000000,0.09073032,0.10842264,0.00000000,0.00000000,0.00000000,0.34898831,0.10374580,0.00000000,0.10132022,0.24679271,0.00000000
2007-07-31,0.00000000,0.00000000,0.09082742,0.10808142,0.00000000,0.00000000,0.00000000,0.33384980,0.00000000,0.11786430,0.09924185,0.25013521,0.00000000
2007-08-31,0.00000000,0.00000000,0.00000000,0.10534397,0.00000000,0.00000000,0.12682806,0.27651162,0.00000000,0.13574662,0.09873645,0.25683328,0.00000000
2007-09-30,0.00000000,0.00000000,0.00000000,0.10188118,0.00000000,0.11572747,0.13178608,0.29285944,0.00000000,0.00000000,0.09856243,0.25918341,0.00000000
2007-10-31,0.00000000,0.00000000,0.00000000,0.00000000,0.00000000,0.00000000,0.13598245,0.31906951,0.09000422,0.09132048,0.10336758,0.26025575,0.00000000
2007-11-30,0.00000000,0.00000000,0.00000000,0.00000000,0.00000000,0.12270640,0.14127780,0.29973598,0.09442753,0.09512797,0.00000000,0.24672432,0.00000000
2007-12-31,0.00000000,0.00000000,0.00000000,0.11938242,0.00000000,0.13644182,0.17083512,0.39359801,0.09144470,0.08829793,0.00000000,0.00000000,0.00000000
2008-01-31,0.00000000,0.00000000,0.00000000,0.10846638,0.00000000,0.15208584,0.17432070,0.37975478,0.09154478,0.09382752,0.00000000,0.00000000,0.00000000
2008-02-29,0.00000000,0.00000000,0.00000000,0.10951704,0.00000000,0.14320695,0.17436026,0.37950227,0.09605557,0.09735791,0.00000000,0.00000000,0.00000000
2008-03-31,0.00000000,0.00000000,0.00000000,0.11685442,0.00000000,0.14880444,0.19157775,0.36488901,0.08445627,0.09341811,0.00000000,0.00000000,0.00000000
2008-04-30,0.00000000,0.00000000,0.00000000,0.13950180,0.00000000,0.15208017,0.17130853,0.33442653,0.09211920,0.11056377,0.00000000,0.00000000,0.00000000
2008-05-31,0.00000000,0.00000000,0.10564636,0.00000000,0.00000000,0.17480547,0.17271763,0.34191823,0.09038609,0.11452623,0.00000000,0.00000000,0.00000000
2008-06-30,0.00000000,0.00000000,0.11126055,0.12365615,0.00000000,0.00000000,0.18390909,0.37140498,0.09615643,0.11361279,0.00000000,0.00000000,0.00000000
2008-07-31,0.00000000,0.00000000,0.11097726,0.13011609,0.00000000,0.00000000,0.00000000,0.47138620,0.10992154,0.08418132,0.00000000,0.09341759,0.00000000
2008-08-31,0.00000000,0.00000000,0.10428361,0.11328730,0.00000000,0.13800458,0.00000000,0.47944719,0.00000000,0.07757792,0.00000000,0.08739940,0.00000000
2008-09-30,0.00000000,0.00000000,0.09166292,0.12489170,0.00000000,0.15328445,0.00000000,0.47131256,0.00000000,0.07712101,0.00000000,0.08172737,0.00000000
2008-10-31,0.00000000,0.00000000,0.00000000,0.08113345,0.00000000,0.13355269,0.20302125,0.44366350,0.07360955,0.06501956,0.00000000,0.00000000,0.00000000
2008-11-30,0.00000000,0.00000000,0.00000000,0.08335319,0.00000000,0.08381476,0.11293886,0.58411925,0.06876337,0.06701057,0.00000000,0.00000000,0.00000000
2008-12-31,0.00000000,0.00000000,0.07626364,0.07990804,0.00000000,0.07370475,0.10021997,0.60420594,0.06569766,0.00000000,0.00000000,0.00000000,0.00000000
2009-01-31,0.00000000,0.00000000,0.09202948,0.09917303,0.00000000,0.07731648,0.11615854,0.53992553,0.07539693,0.00000000,0.00000000,0.00000000,0.00000000
2009-02-28,0.00000000,0.00000000,0.09170097,0.10877061,0.00000000,0.07924272,0.12016063,0.51932517,0.08079990,0.00000000,0.00000000,0.00000000,0.00000000
2009-03-31,0.00000000,0.00000000,0.09227882,0.00000000,0.00000000,0.07988238,0.12160223,0.54143504,0.08102747,0.00000000,0.00000000,0.08377407,0.00000000
2009-04-30,0.00000000,0.00000000,0.09775962,0.00000000,0.00000000,0.07554442,0.11084580,0.53584464,0.09562423,0.00000000,0.00000000,0.08438129,0.00000000
2009-05-31,0.00000000,0.00000000,0.00000000,0.00000000,0.00000000,0.07257937,0.10801025,0.57725247,0.08764403,0.00000000,0.07374977,0.08076410,0.00000000
2009-06-30,0.00000000,0.00000000,0.00000000,0.07981159,0.00000000,0.00000000,0.00000000,0.62166327,0.08007166,0.07184302,0.07026158,0.07634889,0.00000000
2009-07-31,0.00000000,0.00000000,0.00000000,0.07690555,0.00000000,0.00000000,0.00000000,0.63405080,0.07607123,0.06898869,0.06857358,0.07541015,0.00000000
2009-08-31,0.00000000,0.00000000,0.12573807,0.10352737,0.00000000,0.00000000,0.00000000,0.53740390,0.00000000,0.06772782,0.08475541,0.08084744,0.00000000
2009-09-30,0.00000000,0.00000000,0.11122372,0.09529263,0.00000000,0.00000000,0.00000000,0.56706085,0.00000000,0.06487158,0.08000000,0.08155122,0.00000000
2009-10-31,0.00000000,0.00000000,0.08992251,0.09384821,0.00000000,0.00000000,0.00000000,0.40908512,0.08180784,0.00000000,0.08633317,0.23900315,0.00000000
2009-11-30,0.00000000,0.00000000,0.09127787,0.09888433,0.00000000,0.00000000,0.14176067,0.33901488,0.00000000,0.00000000,0.08824354,0.24081870,0.00000000
2009-12-31,0.00000000,0.00000000,0.10912122,0.12158125,0.00000000,0.00000000,0.00000000,0.31662600,0.08944129,0.00000000,0.10592355,0.25730669,0.00000000
2010-01-31,0.00000000,0.00000000,0.13700044,0.21796470,0.00000000,0.00000000,0.00000000,0.00000000,0.11103666,0.12149924,0.14222142,0.27027754,0.00000000
2010-02-28,0.00000000,0.00000000,0.10331888,0.13980529,0.00000000,0.00000000,0.00000000,0.31354667,0.09122869,0.00000000,0.10683274,0.24526772,0.00000000
2010-03-31,0.00000000,0.00000000,0.00000000,0.14121070,0.00000000,0.00000000,0.00000000,0.31666333,0.09269804,0.09846322,0.10552393,0.24544077,0.00000000
2010-04-30,0.00000000,0.00000000,0.10754242,0.13121430,0.00000000,0.00000000,0.00000000,0.31175882,0.09190860,0.00000000,0.11159103,0.24598484,0.00000000
2010-05-31,0.00000000,0.00000000,0.10451392,0.11929689,0.00000000,0.00000000,0.00000000,0.33023729,0.10334854,0.00000000,0.09933500,0.24326837,0.00000000
2010-06-30,0.00000000,0.00000000,0.00000000,0.09624201,0.00000000,0.09918098,0.14328377,0.47709985,0.10763241,0.00000000,0.07656099,0.00000000,0.00000000
2010-07-31,0.00000000,0.00000000,0.00000000,0.09002972,0.00000000,0.09422907,0.12048128,0.37043346,0.09142062,0.00000000,0.00000000,0.23340585,0.00000000
2010-08-31,0.00000000,0.00000000,0.08077037,0.00000000,0.00000000,0.08260580,0.12832136,0.55649670,0.08183611,0.00000000,0.00000000,0.06996967,0.00000000
2010-09-30,0.00000000,0.00000000,0.08144406,0.00000000,0.00000000,0.08177755,0.10467304,0.42270168,0.08196694,0.07743674,0.00000000,0.15000000,0.00000000
2010-10-31,0.00000000,0.00000000,0.08180565,0.08101507,0.00000000,0.07981101,0.10040464,0.42402440,0.08293923,0.00000000,0.00000000,0.15000000,0.00000000
2010-11-30,0.00000000,0.00000000,0.08946747,0.08749522,0.00000000,0.00000000,0.10860041,0.39156801,0.08800641,0.08486249,0.00000000,0.15000000,0.00000000
2010-12-31,0.00000000,0.00000000,0.16103130,0.15762105,0.00000000,0.00000000,0.00000000,0.00000000,0.15065416,0.13138162,0.12987996,0.26943191,0.00000000
2011-01-31,0.00000000,0.00000000,0.19636844,0.15004571,0.00000000,0.00000000,0.00000000,0.00000000,0.13456732,0.12629243,0.12628722,0.26643889,0.00000000
2011-02-28,0.00000000,0.00000000,0.17792741,0.14651557,0.00000000,0.00000000,0.00000000,0.00000000,0.12446769,0.13413129,0.14302978,0.27392826,0.00000000
2011-03-31,0.00000000,0.00000000,0.16907786,0.15020628,0.00000000,0.00000000,0.00000000,0.00000000,0.11823601,0.13004086,0.15088937,0.28154961,0.00000000
2011-04-30,0.00000000,0.00000000,0.15676315,0.14333146,0.00000000,0.00000000,0.00000000,0.00000000,0.11190463,0.13386529,0.15810941,0.29602605,0.00000000
2011-05-31,0.00000000,0.00000000,0.20594949,0.14902238,0.00000000,0.00000000,0.00000000,0.00000000,0.10545178,0.10971630,0.13875056,0.29110950,0.00000000
2011-06-30,0.00000000,0.00000000,0.11659699,0.09413430,0.00000000,0.00000000,0.12536621,0.32541033,0.00000000,0.08643057,0.10206161,0.15000000,0.00000000
2011-07-31,0.00000000,0.00000000,0.11207347,0.09620245,0.00000000,0.10131220,0.11746301,0.33738123,0.08556764,0.00000000,0.00000000,0.15000000,0.00000000
2011-08-31,0.00000000,0.00000000,0.11499903,0.09236880,0.00000000,0.07936367,0.11093414,0.53286997,0.06946440,0.00000000,0.00000000,0.00000000,0.00000000
2011-09-30,0.00000000,0.00000000,0.11431888,0.08617813,0.00000000,0.07160453,0.12031309,0.54422084,0.06336454,0.00000000,0.00000000,0.00000000,0.00000000
2011-10-31,0.00000000,0.00000000,0.11114519,0.08452359,0.00000000,0.06610441,0.09712380,0.57866223,0.06244078,0.00000000,0.00000000,0.00000000,0.00000000
2011-11-30,0.08093458,0.00000000,0.10688452,0.00000000,0.00000000,0.06431351,0.09193928,0.59453681,0.06139131,0.00000000,0.00000000,0.00000000,0.00000000
2011-12-31,0.00000000,0.00000000,0.10165146,0.08134958,0.00000000,0.06553968,0.09511858,0.59693502,0.05940567,0.00000000,0.00000000,0.00000000,0.00000000
2012-01-31,0.08803540,0.00000000,0.08945033,0.08749388,0.00000000,0.07867013,0.09586346,0.41048681,0.00000000,0.00000000,0.00000000,0.15000000,0.00000000
2012-02-29,0.14325862,0.00000000,0.14906525,0.13596825,0.00000000,0.10430713,0.20863531,0.00000000,0.00000000,0.00000000,0.00000000,0.25876544,0.00000000
2012-03-31,0.17705032,0.00000000,0.00000000,0.18237490,0.00000000,0.00000000,0.00000000,0.00000000,0.00000000,0.12610548,0.12768247,0.27295308,0.11383375
2012-04-30,0.17194781,0.20169880,0.00000000,0.13944880,0.00000000,0.00000000,0.00000000,0.00000000,0.00000000,0.00000000,0.12763237,0.25607303,0.10319919
2012-05-31,0.19366538,0.19382486,0.19825737,0.20174263,0.00000000,0.00000000,0.00000000,0.00000000,0.00000000,0.00000000,0.11280759,0.09970218,0.00000000
2012-06-30,0.15722051,0.16352606,0.00000000,0.14676185,0.00000000,0.10704373,0.16872324,0.00000000,0.00000000,0.00000000,0.00000000,0.25672460,0.00000000
2012-07-31,0.14441244,0.14211647,0.17628126,0.14135659,0.00000000,0.00000000,0.14510225,0.00000000,0.00000000,0.00000000,0.00000000,0.25073100,0.00000000
2012-08-31,0.14664970,0.15087338,0.13011229,0.15318271,0.00000000,0.10424468,0.16493724,0.00000000,0.00000000,0.00000000,0.00000000,0.15000000,0.00000000
2012-09-30,0.09020020,0.09108053,0.00000000,0.09255653,0.00000000,0.07955651,0.09788609,0.39872015,0.00000000,0.00000000,0.00000000,0.15000000,0.00000000
2012-10-31,0.08862715,0.08837056,0.00000000,0.08905884,0.00000000,0.07928674,0.09867972,0.40597700,0.00000000,0.00000000,0.00000000,0.15000000,0.00000000
2012-11-30,0.14742196,0.15490509,0.00000000,0.14842458,0.00000000,0.00000000,0.00000000,0.00000000,0.11752188,0.00000000,0.14083321,0.15000000,0.14089329
2012-12-31,0.18196283,0.00000000,0.00000000,0.14354163,0.00000000,0.00000000,0.00000000,0.00000000,0.11100996,0.10604327,0.15538655,0.15000000,0.15205576
2013-01-31,0.07724339,0.00000000,0.00000000,0.00000000,0.00000000,0.00000000,0.00000000,0.46504277,0.07489533,0.07505679,0.07668142,0.15000000,0.08108029
2013-02-28,0.15072850,0.14421253,0.12797093,0.13072874,0.00000000,0.00000000,0.00000000,0.00000000,0.00000000,0.00000000,0.14338727,0.15000000,0.15297202
2013-03-31,0.14451883,0.13910025,0.12483295,0.13057100,0.00000000,0.00000000,0.00000000,0.00000000,0.00000000,0.00000000,0.14562287,0.15000000,0.16535410
2013-04-30,0.07448592,0.07461862,0.00000000,0.07412049,0.00000000,0.00000000,0.00000000,0.47164583,0.00000000,0.00000000,0.07568561,0.22944354,0.00000000
2013-05-31,0.11986036,0.12643590,0.10065282,0.12013484,0.00000000,0.00000000,0.00000000,0.00000000,0.00000000,0.00000000,0.17087107,0.36204501,0.00000000
2013-06-30,0.13450291,0.14103236,0.10773182,0.13893443,0.00000000,0.00000000,0.00000000,0.00000000,0.00000000,0.00000000,0.15853170,0.31926678,0.00000000
2013-07-31,0.13645275,0.14651951,0.10801488,0.14483463,0.00000000,0.00000000,0.00000000,0.00000000,0.00000000,0.00000000,0.15526380,0.30891444,0.00000000
2013-08-31,0.13137433,0.14695748,0.11267547,0.13842765,0.00000000,0.00000000,0.00000000,0.00000000,0.00000000,0.00000000,0.14920918,0.32135589,0.00000000
2013-09-30,0.13161758,0.15113354,0.00000000,0.14187871,0.00000000,0.00000000,0.00000000,0.00000000,0.00000000,0.00000000,0.14221891,0.31236155,0.12078972
2013-10-31,0.00000000,0.08698349,0.00000000,0.08394110,0.00000000,0.00000000,0.00000000,0.42218440,0.00000000,0.00000000,0.08622489,0.23849384,0.08217229
2013-11-30,0.14077485,0.15428395,0.00000000,0.13503415,0.00000000,0.00000000,0.00000000,0.00000000,0.00000000,0.00000000,0.14088535,0.30077157,0.12825013
2013-12-31,0.00000000,0.08936347,0.00000000,0.08468903,0.00000000,0.00000000,0.00000000,0.40621591,0.00000000,0.00000000,0.08782454,0.24583547,0.08607159
2014-01-31,0.14323031,0.15020368,0.00000000,0.12892339,0.00000000,0.00000000,0.00000000,0.00000000,0.00000000,0.00000000,0.14426592,0.30652032,0.12685637
2014-02-28,0.08971899,0.08781072,0.09308092,0.00000000,0.00000000,0.00000000,0.00000000,0.40378783,0.00000000,0.00000000,0.08716959,0.23843196,0.00000000
2014-03-31,0.14896557,0.14104627,0.16009181,0.12188250,0.00000000,0.00000000,0.00000000,0.00000000,0.00000000,0.00000000,0.13815283,0.28986102,0.00000000
2014-04-30,0.15530859,0.14599971,0.14852440,0.12649456,0.00000000,0.00000000,0.00000000,0.00000000,0.00000000,0.00000000,0.13476412,0.28890863,0.00000000
2014-05-31,0.15158509,0.14280486,0.15608511,0.00000000,0.00000000,0.13272585,0.00000000,0.00000000,0.00000000,0.00000000,0.13309505,0.28370404,0.00000000
2014-06-30,0.09026036,0.00000000,0.09139999,0.00000000,0.00000000,0.08836686,0.10151744,0.39133155,0.00000000,0.00000000,0.00000000,0.23712380,0.00000000
2014-07-31,0.12035588,0.14262959,0.00000000,0.00000000,0.00000000,0.18415454,0.00000000,0.00000000,0.00000000,0.00000000,0.12695553,0.29938518,0.12651928
2014-08-31,0.00000000,0.13346212,0.00000000,0.00000000,0.00000000,0.12989198,0.17028816,0.00000000,0.00000000,0.00000000,0.12044968,0.29613573,0.14977233
2014-09-30,0.00000000,0.09232133,0.00000000,0.00000000,0.00000000,0.08765168,0.10497635,0.38279622,0.00000000,0.00000000,0.08674311,0.24551130,0.00000000
2014-10-31,0.00000000,0.13098082,0.00000000,0.12052973,0.00000000,0.12753378,0.18200335,0.00000000,0.00000000,0.00000000,0.12423967,0.31471265,0.00000000
2014-11-30,0.12840966,0.14740737,0.10658138,0.00000000,0.00000000,0.14756830,0.00000000,0.00000000,0.00000000,0.00000000,0.14239857,0.32763472,0.00000000
2014-12-31,0.11923956,0.13238917,0.00000000,0.11701634,0.00000000,0.13696967,0.21005402,0.00000000,0.00000000,0.00000000,0.00000000,0.28433123,0.00000000
2015-01-31,0.15644741,0.15500685,0.13081285,0.14131572,0.00000000,0.12353823,0.00000000,0.00000000,0.00000000,0.00000000,0.14287894,0.15000000,0.00000000
2015-02-28,0.16621566,0.15870280,0.11279003,0.14464235,0.00000000,0.10883190,0.15881726,0.00000000,0.00000000,0.00000000,0.00000000,0.15000000,0.00000000
2015-03-31,0.16468190,0.15337466,0.00000000,0.13102101,0.00000000,0.10856693,0.15875541,0.00000000,0.00000000,0.00000000,0.13360008,0.15000000,0.00000000
2015-04-30,0.17535804,0.15769306,0.00000000,0.12891200,0.00000000,0.10355789,0.15210534,0.00000000,0.00000000,0.00000000,0.13237367,0.15000000,0.00000000
2015-05-31,0.00000000,0.12467742,0.00000000,0.00000000,0.00000000,0.08671432,0.11096292,0.33059573,0.00000000,0.00000000,0.10221682,0.15000000,0.09483279
2015-06-30,0.00000000,0.11276217,0.00000000,0.00000000,0.00000000,0.00000000,0.10627510,0.34873933,0.00000000,0.00000000,0.09878696,0.23846181,0.09497463
2015-07-31,0.00000000,0.09424440,0.00000000,0.00000000,0.00000000,0.00000000,0.00000000,0.41212849,0.00000000,0.07894300,0.09321848,0.23398764,0.08747799
2015-08-31,0.06937128,0.07093250,0.00000000,0.06579324,0.00000000,0.00000000,0.00000000,0.65695764,0.00000000,0.00000000,0.07106672,0.06587862,0.00000000
2015-09-30,0.00000000,0.07321827,0.06549706,0.06768451,0.00000000,0.00000000,0.10320130,0.62191910,0.00000000,0.00000000,0.00000000,0.06847975,0.00000000
2015-10-31,0.08234717,0.00000000,0.08208082,0.08174759,0.00000000,0.08678199,0.10956669,0.40747573,0.00000000,0.00000000,0.00000000,0.15000000,0.00000000
2015-11-30,0.08481632,0.08600770,0.00000000,0.08393220,0.00000000,0.09125810,0.11784981,0.38613587,0.00000000,0.00000000,0.00000000,0.15000000,0.00000000
2015-12-31,0.11327720,0.11791570,0.12094036,0.00000000,0.00000000,0.15223966,0.24305400,0.00000000,0.00000000,0.00000000,0.00000000,0.25257309,0.00000000
2016-01-31,0.14264737,0.15569873,0.16447645,0.14268654,0.00000000,0.00000000,0.28052339,0.00000000,0.00000000,0.00000000,0.00000000,0.11396751,0.00000000
2016-02-29,0.14014502,0.15279703,0.16630683,0.16249641,0.00000000,0.15758747,0.22066723,0.00000000,0.00000000,0.00000000,0.00000000,0.00000000,0.00000000
2016-03-31,0.12800320,0.00000000,0.12822983,0.14552630,0.00000000,0.14754465,0.19695887,0.00000000,0.10373716,0.00000000,0.00000000,0.15000000,0.00000000
2016-04-30,0.13416507,0.13733621,0.11366334,0.14371430,0.00000000,0.13635835,0.18476273,0.00000000,0.00000000,0.00000000,0.00000000,0.15000000,0.00000000
2016-05-31,0.00000000,0.00000000,0.09309333,0.10656526,0.00000000,0.10253224,0.12382182,0.34017664,0.08381071,0.00000000,0.00000000,0.15000000,0.00000000
2016-06-30,0.00000000,0.10185775,0.09262021,0.00000000,0.00000000,0.09863476,0.12444414,0.34785645,0.08458669,0.00000000,0.00000000,0.15000000,0.00000000
2016-07-31,0.15470704,0.17318781,0.12725202,0.00000000,0.12334722,0.15751127,0.00000000,0.00000000,0.00000000,0.11399463,0.00000000,0.15000000,0.00000000
2016-08-31,0.14124176,0.15097797,0.00000000,0.00000000,0.11469404,0.15025399,0.00000000,0.00000000,0.00000000,0.00000000,0.15699357,0.15000000,0.13583867
2016-09-30,0.13367467,0.14735921,0.00000000,0.00000000,0.00000000,0.12585300,0.00000000,0.00000000,0.00000000,0.10218649,0.18720948,0.15000000,0.15371714
2016-10-31,0.13585688,0.14335491,0.00000000,0.00000000,0.00000000,0.12123943,0.00000000,0.00000000,0.00000000,0.00000000,0.16595679,0.27999348,0.15359851
2016-11-30,0.00000000,0.00000000,0.09140024,0.00000000,0.00000000,0.00000000,0.00000000,0.34655928,0.08787355,0.00000000,0.10987475,0.25350941,0.11078277
2016-12-31,0.16678327,0.15719693,0.00000000,0.00000000,0.00000000,0.00000000,0.00000000,0.00000000,0.00000000,0.11274913,0.13911005,0.28398186,0.14017876
2017-01-31,0.14677775,0.14197785,0.00000000,0.00000000,0.00000000,0.00000000,0.00000000,0.00000000,0.00000000,0.13653659,0.13334871,0.31126109,0.13009802
2017-02-28,0.00000000,0.14029498,0.11593276,0.00000000,0.00000000,0.00000000,0.00000000,0.00000000,0.00000000,0.14826987,0.14296157,0.30842083,0.14412000
2017-03-31,0.14760183,0.14293162,0.11589808,0.00000000,0.00000000,0.00000000,0.00000000,0.00000000,0.00000000,0.14183382,0.14286767,0.30886698,0.00000000
2017-04-30,0.14890673,0.15135074,0.00000000,0.11210143,0.00000000,0.00000000,0.00000000,0.00000000,0.00000000,0.00000000,0.14840454,0.30669892,0.13253763
2017-05-31,0.00000000,0.08322820,0.00000000,0.08121956,0.00000000,0.00000000,0.00000000,0.42184275,0.00000000,0.00000000,0.08576815,0.23817634,0.08976501
2017-06-30,0.00000000,0.08710985,0.00000000,0.00000000,0.00000000,0.10123008,0.00000000,0.39355868,0.00000000,0.00000000,0.09342176,0.23138253,0.09329710
2017-07-31,0.11513658,0.11576451,0.00000000,0.00000000,0.00000000,0.13850928,0.20399430,0.00000000,0.00000000,0.00000000,0.13336355,0.15000000,0.14323178
2017-08-31,0.09911708,0.10196643,0.00000000,0.00000000,0.00000000,0.00000000,0.00000000,0.35416619,0.00000000,0.00000000,0.11653896,0.23265932,0.09555202
2017-09-30,0.14935202,0.15455958,0.00000000,0.00000000,0.14005112,0.00000000,0.00000000,0.00000000,0.00000000,0.00000000,0.16804739,0.25018046,0.13780942
2017-10-31,0.14993276,0.15321672,0.00000000,0.00000000,0.14496932,0.00000000,0.00000000,0.00000000,0.00000000,0.00000000,0.16459056,0.24595449,0.14133615
2017-11-30,0.14301142,0.15299001,0.00000000,0.00000000,0.00000000,0.00000000,0.00000000,0.00000000,0.00000000,0.12167573,0.16820827,0.25256907,0.16154549
2017-12-31,0.13021444,0.15570939,0.00000000,0.00000000,0.00000000,0.00000000,0.00000000,0.00000000,0.00000000,0.13174416,0.16231098,0.26060732,0.15941371
2018-01-31,0.14404706,0.15775227,0.00000000,0.00000000,0.00000000,0.00000000,0.00000000,0.00000000,0.00000000,0.16101159,0.14010177,0.26246236,0.13462496
2018-02-28,0.14296644,0.14529300,0.00000000,0.00000000,0.00000000,0.00000000,0.00000000,0.00000000,0.00000000,0.15657583,0.14059082,0.28527849,0.12929542
2018-03-31,0.00000000,0.14185480,0.00000000,0.00000000,0.00000000,0.00000000,0.00000000,0.00000000,0.17675885,0.15323379,0.13193008,0.26939574,0.12682673
2018-04-30,0.00000000,0.14117795,0.00000000,0.00000000,0.00000000,0.00000000,0.00000000,0.00000000,0.17180448,0.15378568,0.13089592,0.27652518,0.12581080
2018-05-31,0.00000000,0.15094981,0.00000000,0.00000000,0.00000000,0.00000000,0.00000000,0.00000000,0.16768815,0.15528330,0.13311285,0.26751151,0.12545436
2018-06-30,0.00000000,0.10021255,0.00000000,0.00000000,0.00000000,0.00000000,0.00000000,0.36545833,0.10304143,0.09841118,0.09454931,0.23832720,0.00000000
2018-07-31,0.00000000,0.00000000,0.09502314,0.00000000,0.08761931,0.09994333,0.00000000,0.38223051,0.00000000,0.09461369,0.00000000,0.24057002,0.00000000
2018-08-31,0.16066582,0.15551958,0.14541423,0.00000000,0.13788742,0.00000000,0.00000000,0.00000000,0.00000000,0.12095131,0.12956163,0.15000000,0.00000000
2018-09-30,0.15016546,0.17177381,0.14959845,0.00000000,0.11953499,0.00000000,0.00000000,0.00000000,0.00000000,0.00000000,0.15144406,0.25748323,0.00000000
2018-10-31,0.15286027,0.13225608,0.00000000,0.40000000,0.13222980,0.00000000,0.00000000,0.00000000,0.00000000,0.00000000,0.09901498,0.08363887,0.00000000
2018-11-30,0.09302253,0.09237219,0.11287380,0.10791568,0.08952366,0.00000000,0.00000000,0.35429214,0.00000000,0.00000000,0.00000000,0.15000000,0.00000000
2018-12-31,0.08775129,0.08756803,0.11164867,0.08535865,0.08641447,0.00000000,0.00000000,0.54125888,0.00000000,0.00000000,0.00000000,0.00000000,0.00000000
2019-01-31,0.00000000,0.00000000,0.09605737,0.00000000,0.07058628,0.09024555,0.14567912,0.49595527,0.10147641,0.00000000,0.00000000,0.00000000,0.00000000
2019-02-28,0.00000000,0.00000000,0.09682987,0.00000000,0.08366349,0.09532476,0.12717006,0.33918591,0.10782590,0.00000000,0.00000000,0.15000000,0.00000000
2019-03-31,0.08580917,0.00000000,0.09630966,0.00000000,0.08305373,0.00000000,0.12470864,0.35757347,0.10254532,0.00000000,0.00000000,0.15000000,0.00000000
2019-04-30,0.08736085,0.00000000,0.09629240,0.00000000,0.08340055,0.09380752,0.12357560,0.36556307,0.00000000,0.00000000,0.00000000,0.15000000,0.00000000
2019-05-31,0.00000000,0.00000000,0.09510961,0.00000000,0.00000000,0.08478593,0.13215358,0.51490097,0.10499171,0.00000000,0.00000000,0.06805821,0.00000000
2019-06-30,0.09835983,0.09750081,0.10828989,0.00000000,0.08766023,0.00000000,0.11609789,0.34209135,0.00000000,0.00000000,0.00000000,0.15000000,0.00000000
2019-07-31,0.11044875,0.10294153,0.10767622,0.00000000,0.11121765,0.00000000,0.11657379,0.30114204,0.00000000,0.00000000,0.00000000,0.15000000,0.00000000
2019-08-31,0.11983280,0.10726130,0.00000000,0.09637626,0.10687428,0.00000000,0.11466246,0.30499291,0.00000000,0.00000000,0.00000000,0.15000000,0.00000000
2019-09-30,0.12532674,0.11148185,0.00000000,0.00000000,0.12006232,0.00000000,0.11298677,0.29099289,0.08914944,0.00000000,0.00000000,0.15000000,0.00000000
2019-10-31,0.11774405,0.10829597,0.10200131,0.00000000,0.12174996,0.00000000,0.11349218,0.28671653,0.00000000,0.00000000,0.00000000,0.15000000,0.00000000
2019-11-30,0.16674791,0.15651047,0.12208688,0.15214103,0.13941305,0.00000000,0.00000000,0.00000000,0.00000000,0.00000000,0.00000000,0.26310066,0.00000000
2019-12-31,0.15298424,0.19625829,0.00000000,0.15937490,0.11450630,0.00000000,0.00000000,0.00000000,0.00000000,0.00000000,0.11798554,0.25889073,0.00000000
2020-01-31,0.14936573,0.19297437,0.00000000,0.16783494,0.00000000,0.00000000,0.00000000,0.00000000,0.00000000,0.00000000,0.12139154,0.26348982,0.10494360
2020-02-29,0.00000000,0.09555680,0.08211523,0.00000000,0.00000000,0.00000000,0.00000000,0.54403550,0.00000000,0.00000000,0.09411118,0.09034219,0.09383911
2020-03-31,0.00000000,0.00000000,0.00000000,0.00000000,0.00000000,0.09345381,0.14555687,0.47987512,0.11993136,0.00000000,0.07894850,0.08223435,0.00000000
2020-04-30,0.00000000,0.00000000,0.00000000,0.00000000,0.00000000,0.09842759,0.15059517,0.49697459,0.10561707,0.00000000,0.07278172,0.07560386,0.00000000
2020-05-31,0.00000000,0.00000000,0.00000000,0.09344219,0.00000000,0.09752803,0.13425979,0.32644907,0.11292951,0.00000000,0.00000000,0.23539140,0.00000000
2020-06-30,0.00000000,0.00000000,0.00000000,0.00000000,0.00000000,0.10306879,0.14359293,0.31990917,0.11401627,0.00000000,0.08409721,0.23531564,0.00000000
2020-07-31,0.00000000,0.00000000,0.00000000,0.00000000,0.00000000,0.10888342,0.15421290,0.31699583,0.10027754,0.00000000,0.08404703,0.23558328,0.00000000
2020-08-31,0.00000000,0.00000000,0.00000000,0.09648585,0.00000000,0.10078975,0.14849338,0.31867114,0.09898797,0.00000000,0.00000000,0.23657190,0.00000000
2020-09-30,0.00000000,0.14740191,0.00000000,0.15590961,0.00000000,0.00000000,0.00000000,0.00000000,0.12966097,0.00000000,0.12767726,0.26773368,0.17161657
2020-10-31,0.00000000,0.15900823,0.00000000,0.14929403,0.00000000,0.00000000,0.00000000,0.00000000,0.00000000,0.13259627,0.13821922,0.26261260,0.15826965
2020-11-30,0.00000000,0.00000000,0.00000000,0.15884252,0.00000000,0.00000000,0.00000000,0.00000000,0.13921249,0.14557700,0.13956850,0.27255667,0.14424282
2020-12-31,0.15462847,0.00000000,0.16445326,0.15004761,0.00000000,0.00000000,0.00000000,0.00000000,0.00000000,0.00000000,0.13085292,0.26626985,0.13374789
2021-01-31,0.00000000,0.15971557,0.00000000,0.15205941,0.00000000,0.00000000,0.00000000,0.00000000,0.00000000,0.14341508,0.13587971,0.27026604,0.13866419
2021-02-28,0.00000000,0.00000000,0.07536011,0.00000000,0.07547298,0.00000000,0.00000000,0.47814520,0.00000000,0.07351939,0.07376988,0.15000000,0.07373245
2021-03-31,0.00000000,0.14597045,0.00000000,0.00000000,0.15930489,0.00000000,0.00000000,0.00000000,0.00000000,0.13332115,0.14261844,0.28218312,0.13660195
2021-04-30,0.14713918,0.00000000,0.00000000,0.00000000,0.15346656,0.00000000,0.00000000,0.00000000,0.00000000,0.13727249,0.14178736,0.28630561,0.13402879
2021-05-31,0.12874167,0.00000000,0.00000000,0.00000000,0.12820082,0.00000000,0.00000000,0.00000000,0.00000000,0.12163441,0.15724679,0.28888484,0.17529146
2021-06-30,0.12250380,0.12955967,0.00000000,0.00000000,0.12533483,0.00000000,0.00000000,0.00000000,0.00000000,0.11697381,0.15813135,0.15000000,0.19749654
2021-07-31,0.00000000,0.14447948,0.00000000,0.00000000,0.12762817,0.00000000,0.00000000,0.00000000,0.00000000,0.11119218,0.17372511,0.27835586,0.16461921
2021-08-31,0.13448251,0.16275582,0.00000000,0.00000000,0.13124201,0.00000000,0.00000000,0.00000000,0.00000000,0.11752072,0.17355935,0.28043958,0.00000000
2021-09-30,0.00000000,0.14786030,0.00000000,0.00000000,0.12239654,0.16005538,0.00000000,0.00000000,0.00000000,0.14747988,0.14821756,0.27399035,0.00000000
2021-10-31,0.00000000,0.00000000,0.00000000,0.00000000,0.11235988,0.14016630,0.22460320,0.00000000,0.00000000,0.14091994,0.12397051,0.25798016,0.00000000
2021-11-30,0.00000000,0.14614670,0.00000000,0.00000000,0.13059163,0.17459298,0.00000000,0.00000000,0.00000000,0.12358907,0.14580997,0.27926966,0.00000000
2021-12-31,0.00000000,0.13770897,0.12564409,0.00000000,0.12185046,0.18112413,0.00000000,0.00000000,0.00000000,0.00000000,0.14753727,0.28613508,0.00000000
2022-01-31,0.14240934,0.00000000,0.14049021,0.15035439,0.12554064,0.00000000,0.00000000,0.00000000,0.00000000,0.00000000,0.15261972,0.28858570,0.00000000
2022-02-28,0.17250224,0.00000000,0.17257073,0.18542807,0.14251358,0.00000000,0.00000000,0.00000000,0.00000000,0.16430597,0.00000000,0.16267941,0.00000000
2022-03-31,0.13309092,0.00000000,0.12695846,0.14447199,0.00000000,0.00000000,0.00000000,0.00000000,0.19306005,0.12265425,0.00000000,0.27976434,0.00000000
2022-04-30,0.15984495,0.00000000,0.14149071,0.18277488,0.13209237,0.00000000,0.00000000,0.00000000,0.24140459,0.14239250,0.00000000,0.00000000,0.00000000
2022-05-31,0.13163676,0.00000000,0.11862745,0.13862196,0.10812242,0.00000000,0.00000000,0.00000000,0.17444389,0.32854752,0.00000000,0.00000000,0.00000000
2022-06-30,0.17407213,0.15541032,0.12577808,0.23589411,0.00000000,0.00000000,0.00000000,0.00000000,0.18311437,0.12573099,0.00000000,0.00000000,0.00000000
2022-07-31,0.17597931,0.15466685,0.13077191,0.21911189,0.00000000,0.00000000,0.00000000,0.00000000,0.19008687,0.12938316,0.00000000,0.00000000,0.00000000
2022-08-31,0.19100270,0.16546608,0.14221835,0.23415197,0.12784857,0.00000000,0.00000000,0.00000000,0.00000000,0.13931233,0.00000000,0.00000000,0.00000000
2022-09-30,0.12192851,0.00000000,0.09714006,0.12143636,0.00000000,0.00000000,0.00000000,0.47468800,0.00000000,0.10366518,0.00000000,0.08114189,0.00000000
2022-10-31,0.16512200,0.16269490,0.15129666,0.00000000,0.00000000,0.00000000,0.27605201,0.00000000,0.00000000,0.00000000,0.13057969,0.11425475,0.00000000
2022-11-30,0.17132935,0.17019535,0.19412852,0.20587148,0.00000000,0.00000000,0.00000000,0.00000000,0.00000000,0.00000000,0.13866164,0.11981366,0.00000000
2022-12-31,0.14100595,0.13579288,0.00000000,0.40000000,0.00000000,0.00000000,0.00000000,0.00000000,0.00000000,0.00000000,0.11393296,0.09591537,0.11335285
2023-01-31,0.17525480,0.17083132,0.16653725,0.16182489,0.00000000,0.00000000,0.00000000,0.00000000,0.19379242,0.00000000,0.00000000,0.00000000,0.13175932
2023-02-28,0.16682481,0.16459004,0.00000000,0.18890626,0.00000000,0.00000000,0.00000000,0.00000000,0.21109374,0.00000000,0.14134093,0.00000000,0.12724422
2023-03-31,0.18757323,0.00000000,0.00000000,0.20865087,0.00000000,0.00000000,0.00000000,0.00000000,0.19134913,0.00000000,0.15066934,0.12682678,0.13493065
2023-04-30,0.00000000,0.00000000,0.00000000,0.00000000,0.00000000,0.10711587,0.13410262,0.30388939,0.10738623,0.00000000,0.00000000,0.24752126,0.09998462
2023-05-31,0.00000000,0.00000000,0.00000000,0.00000000,0.00000000,0.10931075,0.13624927,0.28883515,0.10997343,0.00000000,0.00000000,0.24624254,0.10938886
2023-06-30,0.00000000,0.00000000,0.00000000,0.00000000,0.00000000,0.00000000,0.13487767,0.26951474,0.10719666,0.00000000,0.12057190,0.25965361,0.10818542
2023-07-31,0.00000000,0.12203554,0.00000000,0.11260973,0.00000000,0.00000000,0.00000000,0.26537228,0.00000000,0.00000000,0.12580997,0.25838177,0.11579072
2023-08-31,0.00000000,0.12677789,0.00000000,0.00000000,0.00000000,0.00000000,0.00000000,0.27436254,0.11224705,0.00000000,0.12307792,0.25214121,0.11139339
2023-09-30,0.00000000,0.10845041,0.00000000,0.00000000,0.00000000,0.00000000,0.00000000,0.36183946,0.00000000,0.09294844,0.09791321,0.24075480,0.09809368
2023-10-31,0.00000000,0.11502995,0.00000000,0.00000000,0.00000000,0.00000000,0.00000000,0.52555043,0.00000000,0.08672399,0.09323894,0.08373356,0.09572313
2023-11-30,0.00000000,0.11097537,0.00000000,0.00000000,0.00000000,0.00000000,0.00000000,0.34285978,0.10356269,0.10516578,0.09550918,0.24192720,0.00000000
2023-12-31,0.00000000,0.11060142,0.00000000,0.00000000,0.00000000,0.00000000,0.00000000,0.35103741,0.10278622,0.10024156,0.09453110,0.24080229,0.00000000
2024-01-31,0.00000000,0.11147566,0.00000000,0.00000000,0.08750925,0.00000000,0.00000000,0.36072623,0.10309647,0.00000000,0.09575922,0.24143318,0.00000000
2024-02-29,0.11897156,0.11666119,0.00000000,0.00000000,0.00000000,0.00000000,0.00000000,0.31567275,0.10683601,0.00000000,0.09797510,0.24388339,0.00000000
2024-03-31,0.12853954,0.11979881,0.00000000,0.12988187,0.00000000,0.00000000,0.00000000,0.27757807,0.00000000,0.00000000,0.09861992,0.24558178,0.00000000
2024-04-30,0.15354696,0.14143026,0.00000000,0.19653758,0.00000000,0.00000000,0.00000000,0.00000000,0.00000000,0.00000000,0.12074768,0.25921535,0.12852218
2024-05-31,0.15123174,0.14014520,0.00000000,0.18606046,0.00000000,0.00000000,0.00000000,0.00000000,0.12355878,0.00000000,0.11954351,0.15000000,0.12946033
2024-06-30,0.00000000,0.14584547,0.10587515,0.18496094,0.00000000,0.00000000,0.00000000,0.00000000,0.12460263,0.16316732,0.12554848,0.15000000,0.00000000
2024-07-31,0.00000000,0.00000000,0.11215705,0.20038736,0.00000000,0.00000000,0.00000000,0.00000000,0.13657450,0.00000000,0.13376705,0.26005625,0.15705779
2024-08-31,0.00000000,0.11260617,0.09520284,0.00000000,0.00000000,0.00000000,0.00000000,0.29815315,0.11142390,0.00000000,0.11092858,0.15000000,0.12168536
2024-09-30,0.10997749,0.11034393,0.09400951,0.11949725,0.00000000,0.00000000,0.00000000,0.28808981,0.12808200,0.00000000,0.00000000,0.15000000,0.00000000
2024-10-31,0.11695986,0.12058417,0.00000000,0.00000000,0.10144757,0.00000000,0.00000000,0.25357027,0.12289980,0.00000000,0.13453832,0.15000000,0.00000000
2024-11-30,0.11539345,0.12023670,0.00000000,0.00000000,0.10600440,0.00000000,0.00000000,0.27502645,0.10919091,0.00000000,0.12414810,0.15000000,0.00000000
2024-12-31,0.10404284,0.10703150,0.09754919,0.00000000,0.00000000,0.00000000,0.00000000,0.31012488,0.11362808,0.00000000,0.11762352,0.15000000,0.00000000
2025-01-31,0.10052163,0.00000000,0.09558073,0.00000000,0.00000000,0.00000000,0.00000000,0.31599869,0.10468171,0.00000000,0.11019006,0.27302719,0.00000000
2025-02-28,0.00000000,0.00000000,0.09368653,0.00000000,0.00000000,0.00000000,0.00000000,0.29984272,0.10064070,0.14164704,0.10280622,0.26137680,0.00000000
2025-03-31,0.09422695,0.09813582,0.00000000,0.00000000,0.00000000,0.00000000,0.00000000,0.46576364,0.08964435,0.15980557,0.09242367,0.00000000,0.00000000
2025-04-30,0.07696987,0.08064629,0.00000000,0.00000000,0.00000000,0.00000000,0.12359781,0.56583346,0.07465516,0.07829741,0.00000000,0.00000000,0.00000000
2025-05-31,0.00000000,0.09987856,0.00000000,0.10057473,0.00000000,0.00000000,0.12538386,0.32366566,0.09378509,0.00000000,0.00000000,0.15000000,0.10671210
2025-06-30,0.00000000,0.11281271,0.12078147,0.00000000,0.00000000,0.00000000,0.12900252,0.27566331,0.09127734,0.00000000,0.00000000,0.15000000,0.12046266
2025-07-31,0.00000000,0.12628050,0.11420497,0.00000000,0.00000000,0.00000000,0.13138929,0.27239820,0.09354185,0.00000000,0.00000000,0.15000000,0.11218518
2025-08-31,0.00000000,0.00000000,0.11841943,0.00000000,0.00000000,0.00000000,0.00000000,0.32263600,0.10053640,0.00000000,0.09790464,0.23818730,0.12231623
2025-09-30,0.00000000,0.00000000,0.11255012,0.00000000,0.00000000,0.00000000,0.00000000,0.30560514,0.09419853,0.00000000,0.11603759,0.24673347,0.12487515
2025-10-31,0.00000000,0.00000000,0.13981650,0.00000000,0.00000000,0.00000000,0.00000000,0.00000000,0.10768358,0.16476690,0.17128212,0.26525023,0.15120066
2025-11-30,0.00000000,0.00000000,0.00000000,0.00000000,0.00000000,0.00000000,0.00000000,0.32597253,0.08972524,0.11508155,0.12245450,0.23612380,0.11064237
2025-12-31,0.00000000,0.00000000,0.00000000,0.00000000,0.00000000,0.00000000,0.14083065,0.27845057,0.08663787,0.11928464,0.11968583,0.15000000,0.10511044
2026-01-31,0.00000000,0.00000000,0.00000000,0.00000000,0.00000000,0.00000000,0.14148372,0.31848561,0.08511123,0.00000000,0.11727587,0.23396376,0.10367982
2026-02-28,0.00000000,0.00000000,0.00000000,0.00000000,0.00000000,0.00000000,0.00000000,0.41878294,0.08043919,0.08309038,0.09786681,0.22883623,0.09098445
2026-03-31,0.00000000,0.00000000,0.08583291,0.08001679,0.00000000,0.00000000,0.00000000,0.58924223,0.07397771,0.08180925,0.00000000,0.00000000,0.08912111
2026-04-30,0.10161424,0.00000000,0.00000000,0.08370706,0.00000000,0.00000000,0.00000000,0.56330234,0.07601693,0.08271709,0.00000000,0.00000000,0.09264234
